header,sequence,length,contig_id,gene_hint,chain
assemble0 TRBV14,GGCTTACGTTTAGTGAGGGAGAAATTTGGTATATGATTGAGATGGGGGCTAGTTTTTGTCATGTGAGAAGAAGCAGGCCGGATGTCAGAGGGGTGCCTTGGGTAACCTCTGGGACTCAGAAGTGAAAGGGGGCTATTCCTAGTTTTATTGCTATAGCCATTATGATTATTAATGATGAGTATTGATTGGTAGTATTGGTTATGGTTCATTGTCCGGAGAGTATATTGTTGAAGAGGATAGCTATTAGAAGGATTATGGATGCGGTTGCTTGCGTGAGGAAATACTTGATGGCAGCTTCTGTGGAACGAGGGTTTATTTTTTTGGTTAGAACTGGAATAAAAGCTAGCATGTTTATTTCTAGGCCTACTCAGGTAAAAAATCAGTGCGAGCTTAGCGCTGTGATGAGTGTGCCTGCAAAGATGGTAGAGTAGATGACGGGTTGGGCCAGGGGATTAATTAGTACGGGAAGGATATAACCAACATTTTCGGGGTATGGGCCCGATAGCTTATTTAGCTGACCTTACTTTAGGATGGGGTGTGATAGGTGGCACGGAGAATTTTGGATTCTCAGGGATGGGTTCGATTCTCATAGTCCTAGAAATAAGGG,607,assemble0,TRBV14,TRB
assemble1 TRBV14,GGGGGCTAGTTTTTGTCATGTGAGAAGAAGCAGGCCGGATGTCAGAGGGGTGCCTTGGGTAACCTCTGGGACTCAGAAGTGAAAGGGGGCTATTCCTAGTTTTTGCTATAGCCATTATGATTATTAATGATGAGTATTGATTGGTAGTATTGGTTATGGTTCATTGTCCGGAGAGTATATTGTTGAAGAGGATAGCTATTAGAAGGATTATGGATGCGGTTGCTTGCGTGAGGAAATACTTGATGGCAGCTTCTGTGGAACGAGGGTTTATTTTTTTTGGTTAGAACTGGAATAAAAGCTAGCATGTTTATTTCTAGGCCTACTCAGGTAAAAAATCAGTGCGAGCTTAGCGCTGTGATGAGTGTGCCTGCAAAGATGGTAGAGTAGATGACGGGTTGGGC,401,assemble1,TRBV14,TRB
assemble2 IGLV3-9,GGAGGTGAGGCAGCTTGCCTGGGGTCACAGAGCAAGGCAAAAGCAGCGCTGGGTACAAGCTCAAAACCATAGTGCCCAGGGCACTGCCGCTGCAGGCGCAGGCATCGCATCACACCAGTGTCTGCGTTCACAGCAGGCATCATCAGTAGCCTCCAGAGGCCTCAGGTCCAGTCTCTAAAAATATCTCAGGAGGCTGCAGTGGCTGACCATTGCCTTGGACCGCTCTTGGCAGTCGAAGAAGATTCTCCTGTCAGTTTGAGCTGGGTGAGCTTAGAGAGGAAAGCTCCACTATGGCTCCCAAACCAGGAAGGAGCCATAGCCCAGGCAGGAGGGCTGAGGACCTCTGGTGGCGGCCCAGGGCTTCCAGCATGTGCCCTTGCTCCTGCTCCTTC,392,assemble2,IGLV3-9,IGL
assemble3 TRGVB,TATTTATTTTTTTTGAGACGGAGCCTCACTCTGTCGCCCAGGCTGGAGTGCAGTGGCGCGATCTCGGCTCACTGCAACCTCCGCCTCCCGGGTTCAAGCAGTTCTCTGCCTCAGCCTCCTGAGCAGCTGGGATTACAGGCACCAGCCACCACGCCTGGCTGATTTTTGTATTTTTAGTAGAGACGGGGTTTCATGATCTTGGCTAGGCTGGTCTTGAACTGCTGACCTCCTGATCCACTCACCTCAGCCTCCCAAAGTGCTGGGATTATAGGTGTGAGCCACCATGCCTGGCCAAATATTATTTTTTTAAATGAATTGTTTCTCTTAGTCTGCTTTGTTAAATTTGGAATTCATCTGGG,359,assemble3,TRGVB,TRG
assemble4 TRGVB,GCGTGATCTTGGCTCACTGCAAGCTCCACCTCCCAGGTTCAAGCCATTCTCCTGCCTCAGCCTCCCAAGTAGCTGGGGCTACAGGCACCTGCCACCACACCCGGCTAATTTTTTTGTATTTTTAGTAGAGACGGGGTTTCACCGTGTTAGCCAGAATCGTCTTGATCTCCTGACCTTGTGATCCACCCGCCTCGGCCTCCCAAAGTGCTGGGATTACAGGTGTGAGCCACCACGCCTGGTCCAAGAACCCAACTTTTAGATCTAGAGTGATGTCAGCATGACATTGATTTCCTGAGGCCCAGGGGTGAAGGAGCTGAGGACAGCAGAGGGGTGAAGGAAGTCAGCTACAGACAGCAGCAGCTGATGCACAGGCCTCCCAGCGCCTGAAGTCACCCGGAATTGGGAAGTGCTCAGAAGCTTACAAAGCTGCCTCGAGGTGGT,441,assemble4,TRGVB,TRG
assemble5 IGHV5-51,GCCAGATGCCTCTCAGGAGCCTTGGGCCTGAGTCCTGGCTCCCTCACTCCTGGGTTCCAGGTCACTGCATCTGTCTCTCCACCATGTGCTCCACCTCGTGCTGGACCTTAAGAGATACCAATTATGTGGCTGCCACTGTGTCCTAGAGGCTGGAATGGGAACACATAGGGCGAGATTTATTGTTAATTGTAAGCATGAACCGCGTGGGCTTCTCAGGGTCTAGAGTGGAGAGAAATCGGTAAGAATTGGTGGCACGCCTGTCAGAACTCCCCAGACCAAGCTAAGCAAAAATTAACCAATCAGTAGAGCAGCCTTCGGAGGAAGGGCTAAAATGATGTCCTCAGGGCCTGGTTTTGCTTTCCTTCCATGTCAGTTTGCTTCTTTGGGTCTGGCTGCATTCCCAGACAGGCCATGCTCTCGTG,422,assemble5,IGHV5-51,IGH
assemble6 TRGV5,CTTCGCACAGTGCTGGTTCCGTCACCCCCTCCCAAGGAAGTAGGTCTGAGCAGCTTGTCCTGGCTGTGTCCATGTCAGAGCAATGGCCCAAGTCTGGGTCTGGGGGGGAAGGTGTCATGGAGCCCCCTACGATTCCCAGTCGTCCTCGTCCTCCTCTGCCTGTGGCTGCTGCGGTGGCGGCAGAGGAGGGATGGAGTCTGACACGCGGGCAAAGGCTCCTCCGGGCCCCTCACCAGCCCCAGGTCCTTTCCCAGAGATGCCCTTGCGCCTCATGACCAGCTTGTTGAAGAAATCCGACATCAAGTGCCCACCTTGGCTCGTGGCTCTCACTGCAACGGGAAAGCCACAGACTAGGGTGAACAGTTCAGTCACATGCGACCG,381,assemble6,TRGV5,TRG
assemble7 TRBV13,TCTGCCTTCCCTGACCTGAGACCAAGCCAGGCTTCCCATGACGAGCCTCACAGTACCCCATCTCCCCTGAACAGATGCAGTAATAACCTACATAACCCGGGGCCATGATCTATGGCTTTGAATCCTGGCTCTGTCACTAGGCCAGGTCTCTCAGCCCTTCTGTGCCTCAGTTTCCTCATCTATAAAATGAGATGACGGCAGTGCCTGCTCATGAAGTGTGAGTTAATGCACTCAAATCAATGGTTGTGCACGGTTTATATGAATATTAGTGATTACAAAATATTATCAATAGACCTTGTCACAATTGTTATTGAAGAACT,320,assemble7,TRBV13,TRB
assemble8 TRGVB,AGCCTCCTGGGCCCAAGCGATTCTCCTGCCTTGGCCTCCCGAACAGCTGGGATTACAGACATGCGCCACCACACCCGTCTAATTTTGTATTTTTAGTAGAGACGGGGTTTCTCCATGTTGGTCAGGCTGGTCTCGAACTCCCGACCTAG,149,assemble8,TRGVB,TRG
assemble9 TRGVB,CCTTGGCCTCCCAAAGTGCTGAGATTACAGGCATGAGCCACCGCATCCAGCATGCACGTCTCTTTCATTGACTGTTTCTGAGATGTATCCTTCACAATGAACCAGTAATAGGAAATGAACTGGCCAGATGTGGTGGCTCACATCTGTAATCCCAGCACTTTCAGAGGC,168,assemble9,TRGVB,TRG
assemble10 TRBV5-4,CTCCTGAGAGGCATCTGGCCCTCCCTGCGCTGTGCCAGCAGCTTGGAGAACCCACACTCAATGAACGCAGCACTCCACTACCCAGGAAATGCCTTCCTGCCCTCTCCTCATCCCATCC,118,assemble10,TRBV5-4,TRB
assemble11 TRGVB,GGCTCCACCATGTTGGCCAGGCTGGTCTCAAACCCCCGACCTCATGATCCACCCACGTTGGCCTCCCAAAGTGCTGGGATTACAGGCGTGAGCCACCGCC,100,assemble11,TRGVB,TRG
assemble12 TRGVB,CCTGACATCGTGATCTGCCTGCCTCCCCCTCCCAAAGTGCTGGGATTACAGGCGTGAGCCACCACGCCTGGCCAA,75,assemble12,TRGVB,TRG
